"","taxonomy1","taxonomy2","taxonomy3","taxonomy4","taxonomy5","taxonomy6","taxonomy7","taxonomy8"
"ASV_10","Bacteria","Firmicutes","Bacilli","Lactobacillales","Lactobacillaceae","Pediococcus","damnosus","ASV_10"
"ASV_101","Bacteria","Firmicutes","Bacilli","Lactobacillales","Lactobacillaceae","Lactobacillus","acidifarinae","ASV_101"
"ASV_103","Bacteria","Firmicutes","Bacilli","Lactobacillales","Lactobacillaceae","Lactobacillus","sanfranciscensis","ASV_103"
"ASV_104","Bacteria","Firmicutes","Bacilli","Lactobacillales","Lactobacillaceae","Lactobacillus","sanfranciscensis","ASV_104"
"ASV_105","Bacteria","Firmicutes","Bacilli","Lactobacillales","Lactobacillaceae","Lactobacillus","xianfangensis","ASV_105"
"ASV_106","Bacteria","Proteobacteria","Alphaproteobacteria","Acetobacterales","Acetobacteraceae","Gluconobacter","sphaericus","ASV_106"
"ASV_107","Bacteria","Firmicutes","Bacilli","Lactobacillales","Leuconostocaceae","Leuconostoc","kimchii","ASV_107"
"ASV_108","Bacteria","Firmicutes","Bacilli","Lactobacillales","Lactobacillaceae","Lactobacillus","brevis","ASV_108"
"ASV_109","Bacteria","Firmicutes","Bacilli","Lactobacillales","Lactobacillaceae","Pediococcus","parvulus","ASV_109"
"ASV_11","Bacteria","Proteobacteria","Alphaproteobacteria","Acetobacterales","Acetobacteraceae","Acetobacter","malorum","ASV_11"
"ASV_110","Bacteria","Firmicutes","Bacilli","Lactobacillales","Lactobacillaceae","Lactobacillus","sanfranciscensis","ASV_110"
"ASV_111","Bacteria","Proteobacteria","Alphaproteobacteria","Acetobacterales","Acetobacteraceae","Komagataeibacter","maltaceti","ASV_111"
"ASV_112","Bacteria","Firmicutes","Bacilli","Lactobacillales","Lactobacillaceae","Lactobacillus","koreensis","ASV_112"
"ASV_113","Bacteria","Actinobacteria","Actinobacteria","Micrococcales","Microbacteriaceae","Curtobacterium","ASV_113","ASV_113"
"ASV_115","Bacteria","Firmicutes","Bacilli","Lactobacillales","Lactobacillaceae","Lactobacillus","kefiri","ASV_115"
"ASV_119","Bacteria","Firmicutes","Bacilli","Lactobacillales","Leuconostocaceae","Weissella","confusa","ASV_119"
"ASV_12","Bacteria","Proteobacteria","Alphaproteobacteria","Acetobacterales","Acetobacteraceae","Acetobacter","pasteurianus","ASV_12"
"ASV_120","Bacteria","Proteobacteria","Gammaproteobacteria","Pseudomonadales","Pseudomonadaceae","Pseudomonas","ASV_120","ASV_120"
"ASV_121","Bacteria","Proteobacteria","Alphaproteobacteria","Acetobacterales","Acetobacteraceae","Acetobacter","malorum","ASV_121"
"ASV_123","Bacteria","Proteobacteria","Alphaproteobacteria","Acetobacterales","Acetobacteraceae","Acetobacter","malorum","ASV_123"
"ASV_124","Bacteria","Firmicutes","Bacilli","Lactobacillales","Lactobacillaceae","Lactobacillus","crustorum","ASV_124"
"ASV_125","Bacteria","Firmicutes","Bacilli","Lactobacillales","Lactobacillaceae","Lactobacillus","cluster_262","ASV_125"
"ASV_126","Bacteria","Firmicutes","Bacilli","Lactobacillales","Lactobacillaceae","Lactobacillus","cluster_2","ASV_126"
"ASV_127","Bacteria","Firmicutes","Bacilli","Lactobacillales","Lactobacillaceae","Lactobacillus","plantarum","ASV_127"
"ASV_128","Bacteria","Firmicutes","Bacilli","Lactobacillales","Lactobacillaceae","Lactobacillus","cluster_2","ASV_128"
"ASV_129","Bacteria","Firmicutes","Bacilli","Lactobacillales","Lactobacillaceae","Lactobacillus","brevis","ASV_129"
"ASV_13","Bacteria","Firmicutes","Bacilli","Lactobacillales","Lactobacillaceae","Lactobacillus","paracasei","ASV_13"
"ASV_131","Bacteria","Firmicutes","Bacilli","Lactobacillales","Lactobacillaceae","Lactobacillus","cluster_179","ASV_131"
"ASV_136","Bacteria","Proteobacteria","Gammaproteobacteria","Pseudomonadales","Moraxellaceae","Acinetobacter","ASV_136","ASV_136"
"ASV_139","Bacteria","Firmicutes","Bacilli","Lactobacillales","Lactobacillaceae","Lactobacillus","senmaizukei","ASV_139"
"ASV_14","Bacteria","Firmicutes","Bacilli","Lactobacillales","Lactobacillaceae","Lactobacillus","parabrevis","ASV_14"
"ASV_142","Bacteria","Firmicutes","Bacilli","Lactobacillales","Lactobacillaceae","Lactobacillus","plantarum","ASV_142"
"ASV_144","Bacteria","Firmicutes","Bacilli","Lactobacillales","Lactobacillaceae","Lactobacillus","saniviri","ASV_144"
"ASV_146","Bacteria","Firmicutes","Bacilli","Lactobacillales","Lactobacillaceae","Pediococcus","acidilactici","ASV_146"
"ASV_148","Bacteria","Firmicutes","Bacilli","Lactobacillales","Lactobacillaceae","Lactobacillus","acetotolerans","ASV_148"
"ASV_15","Bacteria","Firmicutes","Bacilli","Lactobacillales","Lactobacillaceae","Lactobacillus","rossiae","ASV_15"
"ASV_150","Bacteria","Firmicutes","Bacilli","Lactobacillales","Lactobacillaceae","Lactobacillus","brevis","ASV_150"
"ASV_151","Bacteria","Firmicutes","Bacilli","Lactobacillales","Lactobacillaceae","Lactobacillus","cluster_117","ASV_151"
"ASV_154","Bacteria","Firmicutes","Bacilli","Lactobacillales","Lactobacillaceae","Pediococcus","parvulus","ASV_154"
"ASV_156","Bacteria","Firmicutes","Bacilli","Lactobacillales","Lactobacillaceae","Lactobacillus","brevis","ASV_156"
"ASV_159","Bacteria","Firmicutes","Bacilli","Bacillales","Paenibacillaceae","Paenibacillus","ASV_159","ASV_159"
"ASV_16","Bacteria","Firmicutes","Bacilli","Lactobacillales","Lactobacillaceae","Lactobacillus","diolivorans","ASV_16"
"ASV_160","Bacteria","Firmicutes","Bacilli","Lactobacillales","Lactobacillaceae","Lactobacillus","brevis","ASV_160"
"ASV_161","Bacteria","Firmicutes","Bacilli","Lactobacillales","Lactobacillaceae","Lactobacillus","sanfranciscensis","ASV_161"
"ASV_164","Bacteria","Bacteroidetes","Bacteroidia","Chitinophagales","Chitinophagaceae",NA,"ASV_164","ASV_164"
"ASV_165","Bacteria","Firmicutes","Bacilli","Lactobacillales","Lactobacillaceae","Lactobacillus","paralimentarius","ASV_165"
"ASV_17","Bacteria","Proteobacteria","Gammaproteobacteria","Enterobacteriales","Enterobacteriaceae","Pantoea","ASV_17","ASV_17"
"ASV_170","Bacteria","Firmicutes","Bacilli","Lactobacillales","Lactobacillaceae","Pediococcus","parvulus","ASV_170"
"ASV_171","Bacteria","Firmicutes","Bacilli","Lactobacillales","Lactobacillaceae","Pediococcus","damnosus","ASV_171"
"ASV_175","Bacteria","Firmicutes","Bacilli","Lactobacillales","Lactobacillaceae","Lactobacillus","sanfranciscensis","ASV_175"
"ASV_176","Bacteria","Firmicutes","Bacilli","Lactobacillales","Lactobacillaceae","Lactobacillus","sanfranciscensis","ASV_176"
"ASV_177","Bacteria","Proteobacteria","Gammaproteobacteria","Pseudomonadales","Pseudomonadaceae","Pseudomonas","ASV_177","ASV_177"
"ASV_178","Bacteria","Proteobacteria","Gammaproteobacteria","Pseudomonadales","Pseudomonadaceae","Pseudomonas","ASV_178","ASV_178"
"ASV_179","Bacteria","Proteobacteria","Gammaproteobacteria","Enterobacteriales","Enterobacteriaceae","Erwinia","ASV_179","ASV_179"
"ASV_18","Bacteria","Firmicutes","Bacilli","Lactobacillales","Lactobacillaceae","Pediococcus","pentosaceus","ASV_18"
"ASV_180","Bacteria","Firmicutes","Bacilli","Lactobacillales","Lactobacillaceae","Lactobacillus","cluster_89","ASV_180"
"ASV_181","Bacteria","Firmicutes","Bacilli","Lactobacillales","Lactobacillaceae","Lactobacillus","sanfranciscensis","ASV_181"
"ASV_182","Bacteria","Firmicutes","Bacilli","Lactobacillales","Lactobacillaceae","Lactobacillus","cluster_59","ASV_182"
"ASV_184","Bacteria","Proteobacteria","Gammaproteobacteria","Betaproteobacteriales","Burkholderiaceae","Massilia","ASV_184","ASV_184"
"ASV_185","Bacteria","Firmicutes","Bacilli","Lactobacillales","Lactobacillaceae","Lactobacillus","coryniformis","ASV_185"
"ASV_186","Bacteria","Firmicutes","Bacilli","Lactobacillales","Lactobacillaceae","Lactobacillus","brevis","ASV_186"
"ASV_187","Bacteria","Firmicutes","Bacilli","Lactobacillales","Lactobacillaceae","Lactobacillus","cluster_142","ASV_187"
"ASV_188","Bacteria","Firmicutes","Bacilli","Lactobacillales","Lactobacillaceae","Lactobacillus","cluster_2","ASV_188"
"ASV_189","Bacteria","Firmicutes","Bacilli","Lactobacillales","Lactobacillaceae","Lactobacillus","brevis","ASV_189"
"ASV_19","Bacteria","Proteobacteria","Alphaproteobacteria","Acetobacterales","Acetobacteraceae","Acetobacter","malorum","ASV_19"
"ASV_190","Bacteria","Firmicutes","Bacilli","Lactobacillales","Lactobacillaceae","Lactobacillus","sanfranciscensis","ASV_190"
"ASV_191","Bacteria","Firmicutes","Bacilli","Lactobacillales","Lactobacillaceae","Lactobacillus","cluster_59","ASV_191"
"ASV_193","Bacteria","Firmicutes","Bacilli","Lactobacillales","Lactobacillaceae","Lactobacillus","cluster_281","ASV_193"
"ASV_194","Bacteria","Proteobacteria","Gammaproteobacteria","Xanthomonadales","Xanthomonadaceae","Xanthomonas","ASV_194","ASV_194"
"ASV_195","Bacteria","Proteobacteria","Gammaproteobacteria","Pseudomonadales","Pseudomonadaceae","Pseudomonas","ASV_195","ASV_195"
"ASV_196","Bacteria","Proteobacteria","Alphaproteobacteria","Sphingomonadales","Sphingomonadaceae","Sphingomonas","ASV_196","ASV_196"
"ASV_198","Bacteria","Proteobacteria","Alphaproteobacteria","Acetobacterales","Acetobacteraceae","Gluconobacter","thailandicus","ASV_198"
"ASV_20","Bacteria","Firmicutes","Bacilli","Lactobacillales","Lactobacillaceae","Lactobacillus","kefiri","ASV_20"
"ASV_200","Bacteria","Firmicutes","Bacilli","Lactobacillales","Streptococcaceae","Streptococcus","infantarius","ASV_200"
"ASV_201","Bacteria","Firmicutes","Bacilli","Lactobacillales","Lactobacillaceae","Lactobacillus","plantarum","ASV_201"
"ASV_202","Bacteria","Firmicutes","Bacilli","Lactobacillales","Lactobacillaceae","Lactobacillus","odoratitofui","ASV_202"
"ASV_205","Bacteria","Proteobacteria","Gammaproteobacteria","Pseudomonadales","Pseudomonadaceae","Pseudomonas","ASV_205","ASV_205"
"ASV_206","Bacteria","Firmicutes","Bacilli","Lactobacillales","Lactobacillaceae","Lactobacillus","sanfranciscensis","ASV_206"
"ASV_207","Bacteria","Proteobacteria","Gammaproteobacteria","Pseudomonadales","Moraxellaceae","Acinetobacter","ASV_207","ASV_207"
"ASV_208","Bacteria","Firmicutes","Bacilli","Lactobacillales","Lactobacillaceae","Lactobacillus","coryniformis","ASV_208"
"ASV_209","Bacteria","Proteobacteria","Alphaproteobacteria","Acetobacterales","Acetobacteraceae","Komagataeibacter","maltaceti","ASV_209"
"ASV_212","Bacteria","Firmicutes","Bacilli","Lactobacillales","Lactobacillaceae","Pediococcus","parvulus","ASV_212"
"ASV_214","Bacteria","Firmicutes","Bacilli","Lactobacillales","Lactobacillaceae","Lactobacillus","diolivorans","ASV_214"
"ASV_215","Bacteria","Firmicutes","Bacilli","Lactobacillales","Lactobacillaceae","Pediococcus","parvulus","ASV_215"
"ASV_22","Bacteria","Firmicutes","Bacilli","Lactobacillales","Lactobacillaceae","Lactobacillus","kefiri","ASV_22"
"ASV_221","Bacteria","Firmicutes","Bacilli","Lactobacillales","Lactobacillaceae","Lactobacillus","rossiae","ASV_221"
"ASV_223","Bacteria","Deinococcus-Thermus","Deinococci","Thermales","Thermaceae","Thermus","ASV_223","ASV_223"
"ASV_224","Bacteria","Firmicutes","Bacilli","Lactobacillales","Lactobacillaceae","Lactobacillus","plantarum","ASV_224"
"ASV_226","Bacteria","Firmicutes","Bacilli","Lactobacillales","Lactobacillaceae","Lactobacillus","sanfranciscensis","ASV_226"
"ASV_230","Bacteria","Firmicutes","Bacilli","Lactobacillales","Lactobacillaceae","Lactobacillus","sanfranciscensis","ASV_230"
"ASV_231","Bacteria","Proteobacteria","Alphaproteobacteria","Rhizobiales","Xanthobacteraceae","Bradyrhizobium","ASV_231","ASV_231"
"ASV_233","Bacteria","Firmicutes","Bacilli","Lactobacillales","Lactobacillaceae","Lactobacillus","pantheris","ASV_233"
"ASV_234","Bacteria","Firmicutes","Bacilli","Lactobacillales","Lactobacillaceae","Lactobacillus","paralimentarius","ASV_234"
"ASV_236","Bacteria","Proteobacteria","Gammaproteobacteria","Enterobacteriales","Enterobacteriaceae","Enterobacter","ASV_236","ASV_236"
"ASV_238","Bacteria","Proteobacteria","Alphaproteobacteria","Sphingomonadales","Sphingomonadaceae","Sphingomonas","ASV_238","ASV_238"
"ASV_239","Bacteria","Firmicutes","Bacilli","Lactobacillales","Lactobacillaceae","Lactobacillus","cluster_2","ASV_239"
"ASV_24","Bacteria","Proteobacteria","Alphaproteobacteria","Acetobacterales","Acetobacteraceae","Acetobacter","syzygii","ASV_24"
"ASV_247","Bacteria","Firmicutes","Bacilli","Lactobacillales","Lactobacillaceae","Lactobacillus","cluster_291","ASV_247"
"ASV_248","Bacteria","Firmicutes","Bacilli","Lactobacillales","Lactobacillaceae","Pediococcus","parvulus","ASV_248"
"ASV_249","Bacteria","Firmicutes","Bacilli","Lactobacillales","Lactobacillaceae","Lactobacillus","sanfranciscensis","ASV_249"
"ASV_25","Bacteria","Proteobacteria","Alphaproteobacteria","Acetobacterales","Acetobacteraceae","Acetobacter","syzygii","ASV_25"
"ASV_251","Bacteria","Firmicutes","Bacilli","Lactobacillales","Lactobacillaceae","Lactobacillus","plantarum","ASV_251"
"ASV_254","Bacteria","Firmicutes","Bacilli","Lactobacillales","Lactobacillaceae","Lactobacillus","plantarum","ASV_254"
"ASV_255","Bacteria","Proteobacteria","Gammaproteobacteria","Pseudomonadales","Pseudomonadaceae","Pseudomonas","ASV_255","ASV_255"
"ASV_256","Bacteria","Firmicutes","Bacilli","Lactobacillales","Streptococcaceae","Lactococcus","garvieae","ASV_256"
"ASV_259","Bacteria","Firmicutes","Bacilli","Lactobacillales","Lactobacillaceae","Lactobacillus","cluster_2","ASV_259"
"ASV_26","Bacteria","Firmicutes","Bacilli","Lactobacillales","Leuconostocaceae","Leuconostoc","lactis","ASV_26"
"ASV_260","Bacteria","Proteobacteria","Alphaproteobacteria","Acetobacterales","Acetobacteraceae","Acetobacter","syzygii","ASV_260"
"ASV_261","Bacteria","Firmicutes","Bacilli","Lactobacillales","Lactobacillaceae","Lactobacillus","cluster_2","ASV_261"
"ASV_262","Bacteria","Firmicutes","Bacilli","Lactobacillales","Lactobacillaceae","Lactobacillus","acidifarinae","ASV_262"
"ASV_263","Bacteria","Firmicutes","Bacilli","Lactobacillales","Lactobacillaceae","Lactobacillus","plantarum","ASV_263"
"ASV_264","Bacteria","Proteobacteria","Gammaproteobacteria","Betaproteobacteriales","Burkholderiaceae","Massilia","ASV_264","ASV_264"
"ASV_265","Bacteria","Firmicutes","Bacilli","Lactobacillales","Lactobacillaceae","Lactobacillus","sakei","ASV_265"
"ASV_266","Bacteria","Firmicutes","Bacilli","Lactobacillales","Lactobacillaceae","Lactobacillus","brevis","ASV_266"
"ASV_269","Bacteria","Firmicutes","Bacilli","Lactobacillales","Lactobacillaceae","Lactobacillus","cluster_219","ASV_269"
"ASV_27","Bacteria","Firmicutes","Bacilli","Lactobacillales","Lactobacillaceae","Lactobacillus","coryniformis","ASV_27"
"ASV_272","Bacteria","Firmicutes","Bacilli","Lactobacillales","Lactobacillaceae","Lactobacillus","salivarius","ASV_272"
"ASV_273","Bacteria","Firmicutes","Bacilli","Lactobacillales","Lactobacillaceae","Lactobacillus","paracasei","ASV_273"
"ASV_274","Bacteria","Bacteroidetes","Bacteroidia","Chitinophagales","Chitinophagaceae","Hydrotalea","ASV_274","ASV_274"
"ASV_275","Bacteria","Firmicutes","Bacilli","Bacillales","Paenibacillaceae","Paenibacillus","ASV_275","ASV_275"
"ASV_277","Bacteria","Proteobacteria","Gammaproteobacteria","Pseudomonadales","Pseudomonadaceae","Pseudomonas","ASV_277","ASV_277"
"ASV_278","Bacteria","Actinobacteria","Actinobacteria","Micrococcales","Micrococcaceae","Glutamicibacter","ASV_278","ASV_278"
"ASV_28","Bacteria","Proteobacteria","Alphaproteobacteria","Acetobacterales","Acetobacteraceae","Acetobacter","tropicalis","ASV_28"
"ASV_281","Bacteria","Firmicutes","Bacilli","Lactobacillales","Lactobacillaceae","Lactobacillus","paracasei","ASV_281"
"ASV_282","Bacteria","Proteobacteria","Alphaproteobacteria","Acetobacterales","Acetobacteraceae","Acetobacter","tropicalis","ASV_282"
"ASV_285","Bacteria","Actinobacteria","Actinobacteria","Corynebacteriales","Corynebacteriaceae","Corynebacterium_1","ASV_285","ASV_285"
"ASV_286","Bacteria","Firmicutes","Bacilli","Lactobacillales","Lactobacillaceae","Lactobacillus","malefermentans","ASV_286"
"ASV_287","Bacteria","Proteobacteria","Gammaproteobacteria","Pseudomonadales","Pseudomonadaceae","Pseudomonas","ASV_287","ASV_287"
"ASV_288","Bacteria","Firmicutes","Bacilli","Lactobacillales","Lactobacillaceae","Lactobacillus","cluster_307","ASV_288"
"ASV_29","Bacteria","Proteobacteria","Alphaproteobacteria","Acetobacterales","Acetobacteraceae","Komagataeibacter","maltaceti","ASV_29"
"ASV_291","Bacteria","Actinobacteria","Actinobacteria","Micrococcales","Microbacteriaceae","Frigoribacterium","ASV_291","ASV_291"
"ASV_292","Bacteria","Proteobacteria","Gammaproteobacteria","Pseudomonadales","Moraxellaceae","Acinetobacter","ASV_292","ASV_292"
"ASV_293","Bacteria","Firmicutes","Bacilli","Lactobacillales","Leuconostocaceae","Leuconostoc","lactis","ASV_293"
"ASV_296","Bacteria","Firmicutes","Bacilli","Lactobacillales","Lactobacillaceae","Pediococcus","parvulus","ASV_296"
"ASV_297","Bacteria","Proteobacteria","Gammaproteobacteria","Pseudomonadales","Pseudomonadaceae","Pseudomonas","ASV_297","ASV_297"
"ASV_3","Bacteria","Firmicutes","Bacilli","Lactobacillales","Lactobacillaceae","Lactobacillus","sanfranciscensis","ASV_3"
"ASV_30","Bacteria","Firmicutes","Bacilli","Lactobacillales","Lactobacillaceae","Lactobacillus","cluster_2","ASV_30"
"ASV_300","Bacteria","Firmicutes","Bacilli","Lactobacillales","Lactobacillaceae","Lactobacillus","rossiae","ASV_300"
"ASV_301","Bacteria","Firmicutes","Bacilli","Lactobacillales","Lactobacillaceae","Lactobacillus","sakei","ASV_301"
"ASV_302","Bacteria","Firmicutes","Bacilli","Lactobacillales","Lactobacillaceae","Lactobacillus","acetotolerans","ASV_302"
"ASV_304","Bacteria","Firmicutes","Bacilli","Lactobacillales","Lactobacillaceae","Pediococcus","pentosaceus","ASV_304"
"ASV_305","Bacteria","Firmicutes","Bacilli","Lactobacillales","Lactobacillaceae","Lactobacillus","cluster_263","ASV_305"
"ASV_307","Bacteria","Firmicutes","Bacilli","Lactobacillales","Lactobacillaceae","Lactobacillus","acetotolerans","ASV_307"
"ASV_31","Bacteria","Firmicutes","Bacilli","Lactobacillales","Lactobacillaceae","Lactobacillus","sanfranciscensis","ASV_31"
"ASV_310","Bacteria","Firmicutes","Bacilli","Lactobacillales","Enterococcaceae","Enterococcaceae","xiangfangensis","ASV_310"
"ASV_311","Bacteria","Proteobacteria","Alphaproteobacteria","Acetobacterales","Acetobacteraceae","Acetobacter","malorum","ASV_311"
"ASV_312","Bacteria","Firmicutes","Bacilli","Lactobacillales","Lactobacillaceae","Lactobacillus","paracasei","ASV_312"
"ASV_314","Bacteria","Proteobacteria","Alphaproteobacteria","Sphingomonadales","Sphingomonadaceae","Sphingomonas","ASV_314","ASV_314"
"ASV_315","Bacteria","Firmicutes","Bacilli","Lactobacillales","Lactobacillaceae","Lactobacillus","frumenti","ASV_315"
"ASV_318","Bacteria","Firmicutes","Bacilli","Lactobacillales","Lactobacillaceae","Lactobacillus","cluster_222","ASV_318"
"ASV_32","Bacteria","Firmicutes","Bacilli","Lactobacillales","Lactobacillaceae","Pediococcus","ethanolidurans","ASV_32"
"ASV_322","Bacteria","Firmicutes","Bacilli","Lactobacillales","Lactobacillaceae","Lactobacillus","cluster_86","ASV_322"
"ASV_326","Bacteria","Proteobacteria","Gammaproteobacteria","Pseudomonadales","Pseudomonadaceae","Pseudomonas","ASV_326","ASV_326"
"ASV_327","Bacteria","Firmicutes","Bacilli","Lactobacillales","Lactobacillaceae","Lactobacillus","cluster_213","ASV_327"
"ASV_328","Bacteria","Proteobacteria","Gammaproteobacteria","Pseudomonadales","Pseudomonadaceae","Pseudomonas","ASV_328","ASV_328"
"ASV_33","Bacteria","Firmicutes","Bacilli","Lactobacillales","Lactobacillaceae","Lactobacillus","cluster_59","ASV_33"
"ASV_332","Bacteria","Firmicutes","Bacilli","Lactobacillales","Lactobacillaceae","Lactobacillus","sanfranciscensis","ASV_332"
"ASV_333","Bacteria","Firmicutes","Bacilli","Lactobacillales","Lactobacillaceae","Lactobacillus","rossiae","ASV_333"
"ASV_334","Bacteria","Firmicutes","Bacilli","Lactobacillales","Lactobacillaceae","Pediococcus","parvulus","ASV_334"
"ASV_337","Bacteria","Firmicutes","Bacilli","Lactobacillales","Lactobacillaceae","Lactobacillus","brevis","ASV_337"
"ASV_34","Bacteria","Firmicutes","Bacilli","Lactobacillales","Lactobacillaceae","Lactobacillus","odoratitofui","ASV_34"
"ASV_340","Bacteria","Firmicutes","Bacilli","Lactobacillales","Lactobacillaceae","Lactobacillus","cluster_159","ASV_340"
"ASV_343","Bacteria","Firmicutes","Bacilli","Lactobacillales","Lactobacillaceae","Pediococcus","parvulus","ASV_343"
"ASV_344","Bacteria","Firmicutes","Bacilli","Lactobacillales","Lactobacillaceae","Lactobacillus","paralimentarius","ASV_344"
"ASV_346","Bacteria","Fusobacteria","Fusobacteriia","Fusobacteriales","Leptotrichiaceae","Leptotrichia","ASV_346","ASV_346"
"ASV_349","Bacteria","Proteobacteria","Gammaproteobacteria","Pseudomonadales","Pseudomonadaceae","Pseudomonas","ASV_349","ASV_349"
"ASV_35","Bacteria","Firmicutes","Bacilli","Lactobacillales","Lactobacillaceae","Lactobacillus","xianfangensis","ASV_35"
"ASV_352","Bacteria","Firmicutes","Bacilli","Lactobacillales","Lactobacillaceae","Lactobacillus","plantarum","ASV_352"
"ASV_358","Bacteria","Firmicutes","Bacilli","Lactobacillales","Lactobacillaceae","Lactobacillus","brevis","ASV_358"
"ASV_36","Bacteria","Firmicutes","Bacilli","Lactobacillales","Lactobacillaceae","Lactobacillus","senmaizukei","ASV_36"
"ASV_360","Bacteria","Firmicutes","Bacilli","Lactobacillales","Lactobacillaceae","Lactobacillus","acidifarinae","ASV_360"
"ASV_362","Bacteria","Firmicutes","Bacilli","Lactobacillales","Lactobacillaceae","Pediococcus","damnosus","ASV_362"
"ASV_363","Bacteria","Firmicutes","Bacilli","Lactobacillales","Streptococcaceae","Streptococcus","salivarius","ASV_363"
"ASV_37","Bacteria","Proteobacteria","Gammaproteobacteria","Enterobacteriales","Enterobacteriaceae",NA,"ASV_37","ASV_37"
"ASV_372","Bacteria","Firmicutes","Bacilli","Lactobacillales","Lactobacillaceae","Lactobacillus","mucosae","ASV_372"
"ASV_373","Bacteria","Actinobacteria","Actinobacteria","Micrococcales","Microbacteriaceae","Curtobacterium","ASV_373","ASV_373"
"ASV_374","Bacteria","Firmicutes","Bacilli","Bacillales","Bacillaceae","Anoxybacillus","ASV_374","ASV_374"
"ASV_375","Bacteria","Firmicutes","Clostridia","Clostridiales","Clostridiaceae_1","Clostridium_sensu_stricto_1","ASV_375","ASV_375"
"ASV_376","Bacteria","Firmicutes","Bacilli","Lactobacillales","Lactobacillaceae","Lactobacillus","paralimentarius","ASV_376"
"ASV_38","Bacteria","Proteobacteria","Alphaproteobacteria","Acetobacterales","Acetobacteraceae","Acetobacter","syzygii","ASV_38"
"ASV_381","Bacteria","Proteobacteria","Alphaproteobacteria","Sphingomonadales","Sphingomonadaceae","Sphingomonas","ASV_381","ASV_381"
"ASV_387","Bacteria","Fusobacteria","Fusobacteriia","Fusobacteriales","Fusobacteriaceae","Fusobacterium","ASV_387","ASV_387"
"ASV_390","Bacteria","Proteobacteria","Alphaproteobacteria","Acetobacterales","Acetobacteraceae","Acetobacter","papayae","ASV_390"
"ASV_393","Bacteria","Bacteroidetes","Bacteroidia","Flavobacteriales","Weeksellaceae","Chryseobacterium","ASV_393","ASV_393"
"ASV_394","Bacteria","Firmicutes","Bacilli","Bacillales","Bacillaceae","Geobacillus","ASV_394","ASV_394"
"ASV_396","Bacteria","Proteobacteria","Gammaproteobacteria","Enterobacteriales","Enterobacteriaceae","Pectobacterium","ASV_396","ASV_396"
"ASV_398","Bacteria","Proteobacteria","Gammaproteobacteria","Pseudomonadales","Pseudomonadaceae","Pseudomonas","ASV_398","ASV_398"
"ASV_4","Bacteria","Firmicutes","Bacilli","Lactobacillales","Lactobacillaceae","Lactobacillus","brevis","ASV_4"
"ASV_40","Bacteria","Firmicutes","Bacilli","Lactobacillales","Lactobacillaceae","Lactobacillus","spicheri","ASV_40"
"ASV_401","Bacteria","Proteobacteria","Gammaproteobacteria","Pseudomonadales","Moraxellaceae","Acinetobacter","ASV_401","ASV_401"
"ASV_403","Bacteria","Bacteroidetes","Bacteroidia","Flavobacteriales","Weeksellaceae","Empedobacter","ASV_403","ASV_403"
"ASV_409","Bacteria","Proteobacteria","Alphaproteobacteria","Rhizobiales","Rhizobiaceae","Neorhizobium","ASV_409","ASV_409"
"ASV_41","Bacteria","Firmicutes","Bacilli","Lactobacillales","Lactobacillaceae","Lactobacillus","harbinensis","ASV_41"
"ASV_411","Bacteria","Bacteroidetes","Bacteroidia","Sphingobacteriales","Sphingobacteriaceae","Pedobacter","ASV_411","ASV_411"
"ASV_412","Bacteria","Proteobacteria","Gammaproteobacteria","Pseudomonadales","Moraxellaceae","Enhydrobacter","ASV_412","ASV_412"
"ASV_416","Bacteria","Actinobacteria","Actinobacteria","Micrococcales","Micrococcaceae","Glutamicibacter","ASV_416","ASV_416"
"ASV_417","Bacteria","Proteobacteria","Gammaproteobacteria","Pseudomonadales","Moraxellaceae","Acinetobacter","ASV_417","ASV_417"
"ASV_42","Bacteria","Firmicutes","Bacilli","Lactobacillales","Leuconostocaceae","Leuconostoc","mesenteroides","ASV_42"
"ASV_426","Bacteria","Bacteroidetes","Bacteroidia","Flavobacteriales","Weeksellaceae","Chryseobacterium","ASV_426","ASV_426"
"ASV_429","Bacteria","Firmicutes","Bacilli","Lactobacillales","Lactobacillaceae","Lactobacillus","cluster_290","ASV_429"
"ASV_432","Bacteria","Firmicutes","Bacilli","Lactobacillales","Lactobacillaceae","Lactobacillus","parabrevis","ASV_432"
"ASV_435","Bacteria","Proteobacteria","Gammaproteobacteria","Betaproteobacteriales","Burkholderiaceae","Massilia","ASV_435","ASV_435"
"ASV_437","Bacteria","Bacteroidetes","Bacteroidia","Flavobacteriales","Weeksellaceae","Chryseobacterium","ASV_437","ASV_437"
"ASV_438","Bacteria","Bacteroidetes","Bacteroidia","Flavobacteriales","Weeksellaceae","Empedobacter","ASV_438","ASV_438"
"ASV_44","Bacteria","Firmicutes","Bacilli","Lactobacillales","Lactobacillaceae","Lactobacillus","sakei","ASV_44"
"ASV_445","Bacteria","Bacteroidetes","Bacteroidia","Flavobacteriales","Weeksellaceae","Chryseobacterium","ASV_445","ASV_445"
"ASV_446","Bacteria","Proteobacteria","Gammaproteobacteria","Betaproteobacteriales","Neisseriaceae","Neisseria","ASV_446","ASV_446"
"ASV_450","Bacteria","Proteobacteria","Alphaproteobacteria","Sphingomonadales","Sphingomonadaceae","Sphingomonas","ASV_450","ASV_450"
"ASV_452","Bacteria","Firmicutes","Bacilli","Bacillales","Staphylococcaceae","Staphylococcus","ASV_452","ASV_452"
"ASV_453","Bacteria","Proteobacteria","Gammaproteobacteria","Pseudomonadales","Pseudomonadaceae","Pseudomonas","ASV_453","ASV_453"
"ASV_457","Bacteria","Actinobacteria","Actinobacteria","Micrococcales","Microbacteriaceae","Clavibacter","ASV_457","ASV_457"
"ASV_458","Bacteria","Bacteroidetes","Bacteroidia","Sphingobacteriales","Sphingobacteriaceae","Pedobacter","ASV_458","ASV_458"
"ASV_46","Bacteria","Firmicutes","Bacilli","Lactobacillales","Lactobacillaceae","Lactobacillus","kefiri","ASV_46"
"ASV_461","Bacteria","Proteobacteria",NA,NA,NA,NA,"ASV_461","ASV_461"
"ASV_469","Bacteria","Firmicutes","Bacilli","Lactobacillales","Streptococcaceae","Lactococcus","cluster_109","ASV_469"
"ASV_47","Bacteria","Firmicutes","Bacilli","Lactobacillales","Leuconostocaceae","Leuconostoc","gelidum","ASV_47"
"ASV_473","Bacteria","Actinobacteria","Actinobacteria","Micrococcales","Micrococcaceae","Arthrobacter","ASV_473","ASV_473"
"ASV_477","Bacteria","Bacteroidetes","Bacteroidia","Sphingobacteriales","Sphingobacteriaceae","Sphingobacterium","ASV_477","ASV_477"
"ASV_48","Bacteria","Firmicutes","Bacilli","Lactobacillales","Lactobacillaceae","Lactobacillus","coryniformis","ASV_48"
"ASV_480","Bacteria","Firmicutes","Bacilli","Bacillales","Paenibacillaceae","Saccharibacillus","ASV_480","ASV_480"
"ASV_488","Bacteria","Firmicutes","Bacilli","Lactobacillales","Leuconostocaceae","Weissella","fabalis","ASV_488"
"ASV_489","Bacteria","Bacteroidetes","Bacteroidia","Flavobacteriales","Weeksellaceae","Chryseobacterium","ASV_489","ASV_489"
"ASV_49","Bacteria","Firmicutes","Bacilli","Lactobacillales","Lactobacillaceae","Lactobacillus","sanfranciscensis","ASV_49"
"ASV_492","Bacteria","Proteobacteria","Gammaproteobacteria","Pseudomonadales","Moraxellaceae","Acinetobacter","ASV_492","ASV_492"
"ASV_493","Bacteria","Proteobacteria","Gammaproteobacteria","Pseudomonadales","Pseudomonadaceae","Pseudomonas","ASV_493","ASV_493"
"ASV_494","Bacteria","Firmicutes","Bacilli","Lactobacillales","Leuconostocaceae","Weissella","paramesenteroides","ASV_494"
"ASV_495","Bacteria","Proteobacteria","Gammaproteobacteria","Pseudomonadales","Pseudomonadaceae","Pseudomonas","ASV_495","ASV_495"
"ASV_5","Bacteria","Firmicutes","Bacilli","Lactobacillales","Lactobacillaceae","Lactobacillus","paralimentarius","ASV_5"
"ASV_50","Bacteria","Firmicutes","Bacilli","Lactobacillales","Lactobacillaceae","Lactobacillus","plantarum","ASV_50"
"ASV_501","Bacteria","Firmicutes","Bacilli","Lactobacillales","Lactobacillaceae","Lactobacillus","cluster_125","ASV_501"
"ASV_502","Bacteria","Proteobacteria","Gammaproteobacteria","Pseudomonadales","Pseudomonadaceae",NA,"ASV_502","ASV_502"
"ASV_504","Bacteria","Bacteroidetes","Bacteroidia","Flavobacteriales","Weeksellaceae","Chryseobacterium","ASV_504","ASV_504"
"ASV_505","Bacteria","Proteobacteria","Gammaproteobacteria","Pseudomonadales","Moraxellaceae","Acinetobacter","ASV_505","ASV_505"
"ASV_507","Bacteria","Bacteroidetes","Bacteroidia","Cytophagales","Hymenobacteraceae","Hymenobacter","ASV_507","ASV_507"
"ASV_509","Bacteria","Bacteroidetes","Bacteroidia","Flavobacteriales","Weeksellaceae","Algoriella","ASV_509","ASV_509"
"ASV_513","Bacteria","Firmicutes","Bacilli","Bacillales","Paenibacillaceae","Saccharibacillus","ASV_513","ASV_513"
"ASV_514","Bacteria","Proteobacteria","Gammaproteobacteria","Pseudomonadales","Moraxellaceae","Acinetobacter","ASV_514","ASV_514"
"ASV_515","Bacteria","Proteobacteria","Gammaproteobacteria","Xanthomonadales","Xanthomonadaceae","Stenotrophomonas","ASV_515","ASV_515"
"ASV_519","Bacteria","Firmicutes","Bacilli","Lactobacillales","Lactobacillaceae","Lactobacillus","cluster_110","ASV_519"
"ASV_520","Bacteria","Firmicutes","Bacilli","Bacillales","Paenibacillaceae","Saccharibacillus","ASV_520","ASV_520"
"ASV_524","Bacteria","Firmicutes","Bacilli","Lactobacillales","Lactobacillaceae","Lactobacillus","rossiae","ASV_524"
"ASV_525","Bacteria","Proteobacteria","Alphaproteobacteria","Sphingomonadales","Sphingomonadaceae","Sphingomonas","ASV_525","ASV_525"
"ASV_529","Bacteria","Proteobacteria","Gammaproteobacteria","Pseudomonadales","Pseudomonadaceae","Pseudomonas","ASV_529","ASV_529"
"ASV_530","Bacteria","Firmicutes","Bacilli","Lactobacillales",NA,"Lactobacillales","cluster_166","ASV_530"
"ASV_532","Bacteria","Firmicutes","Bacilli","Lactobacillales","Lactobacillaceae","Lactobacillus","ultunensis","ASV_532"
"ASV_533","Bacteria","Firmicutes","Bacilli","Bacillales","Paenibacillaceae","Paenibacillus","ASV_533","ASV_533"
"ASV_539","Bacteria","Firmicutes","Bacilli","Lactobacillales","Lactobacillaceae","Lactobacillus","lindneri","ASV_539"
"ASV_54","Bacteria","Proteobacteria","Alphaproteobacteria","Acetobacterales","Acetobacteraceae","Komagataeibacter","maltaceti","ASV_54"
"ASV_540","Bacteria","Firmicutes","Bacilli","Lactobacillales","Lactobacillaceae","Lactobacillus","cluster_103","ASV_540"
"ASV_541","Bacteria","Bacteroidetes","Bacteroidia","Cytophagales","Hymenobacteraceae","Hymenobacter","ASV_541","ASV_541"
"ASV_542","Bacteria","Proteobacteria","Gammaproteobacteria","Pseudomonadales","Pseudomonadaceae","Pseudomonas","ASV_542","ASV_542"
"ASV_544","Bacteria","Proteobacteria","Gammaproteobacteria","Enterobacteriales","Enterobacteriaceae",NA,"ASV_544","ASV_544"
"ASV_546","Bacteria","Firmicutes","Bacilli","Lactobacillales","Lactobacillaceae","Lactobacillus","cluster_333","ASV_546"
"ASV_547","Bacteria","Actinobacteria","Actinobacteria","Actinomycetales","Actinomycetaceae","Actinomyces","ASV_547","ASV_547"
"ASV_549","Bacteria","Actinobacteria","Actinobacteria","Micrococcales","Microbacteriaceae","Curtobacterium","ASV_549","ASV_549"
"ASV_55","Bacteria","Proteobacteria","Alphaproteobacteria","Acetobacterales","Acetobacteraceae","Acetobacter","malorum","ASV_55"
"ASV_550","Bacteria","Proteobacteria","Alphaproteobacteria","Rhizobiales","Rhizobiaceae","Neorhizobium","ASV_550","ASV_550"
"ASV_556","Bacteria","Firmicutes","Bacilli","Lactobacillales",NA,"Lactobacillus","cluster_244","ASV_556"
"ASV_557","Bacteria","Bacteroidetes","Bacteroidia","Flavobacteriales","Flavobacteriaceae","Capnocytophaga","ASV_557","ASV_557"
"ASV_559","Bacteria","Proteobacteria","Alphaproteobacteria","Sphingomonadales","Sphingomonadaceae","Sphingomonas","ASV_559","ASV_559"
"ASV_56","Bacteria","Firmicutes","Bacilli","Lactobacillales","Lactobacillaceae","Lactobacillus","plantarum","ASV_56"
"ASV_560","Bacteria","Firmicutes","Bacilli","Bacillales","Paenibacillaceae","Saccharibacillus","ASV_560","ASV_560"
"ASV_562","Bacteria","Proteobacteria","Gammaproteobacteria","Betaproteobacteriales","Burkholderiaceae","Massilia","ASV_562","ASV_562"
"ASV_564","Bacteria","Firmicutes","Bacilli","Bacillales","Bacillaceae","Bacillus","ASV_564","ASV_564"
"ASV_565","Bacteria","Proteobacteria","Gammaproteobacteria","Betaproteobacteriales","Burkholderiaceae","Massilia","ASV_565","ASV_565"
"ASV_567","Bacteria","Proteobacteria","Gammaproteobacteria","Betaproteobacteriales","Burkholderiaceae","Xylophilus","ASV_567","ASV_567"
"ASV_571","Bacteria","Bacteroidetes","Bacteroidia","Flavobacteriales","Weeksellaceae","Soonwooa","ASV_571","ASV_571"
"ASV_572","Bacteria","Proteobacteria","Gammaproteobacteria","Pseudomonadales","Pseudomonadaceae","Pseudomonas","ASV_572","ASV_572"
"ASV_574","Bacteria","Bacteroidetes","Bacteroidia","Flavobacteriales","Weeksellaceae","Chryseobacterium","ASV_574","ASV_574"
"ASV_576","Bacteria","Proteobacteria","Deltaproteobacteria","Myxococcales","P3OB-42",NA,"ASV_576","ASV_576"
"ASV_577","Bacteria","Actinobacteria","Actinobacteria","Corynebacteriales","Corynebacteriaceae","Corynebacterium_1","ASV_577","ASV_577"
"ASV_578","Bacteria","Proteobacteria","Alphaproteobacteria","Acetobacterales","Acetobacteraceae","Acetobacter","malorum","ASV_578"
"ASV_579","Bacteria","Actinobacteria","Actinobacteria","Micrococcales","Micrococcaceae","Glutamicibacter","ASV_579","ASV_579"
"ASV_58","Bacteria","Firmicutes","Bacilli","Lactobacillales","Lactobacillaceae","Lactobacillus","acidifarinae","ASV_58"
"ASV_580","Bacteria","Proteobacteria","Gammaproteobacteria","Pseudomonadales","Pseudomonadaceae","Pseudomonas","ASV_580","ASV_580"
"ASV_582","Bacteria","Firmicutes","Bacilli","Lactobacillales","Lactobacillaceae","Lactobacillus","delbrueckii","ASV_582"
"ASV_583","Bacteria","Firmicutes","Bacilli","Bacillales","Paenibacillaceae","Saccharibacillus","ASV_583","ASV_583"
"ASV_584","Bacteria","Firmicutes","Bacilli","Lactobacillales",NA,"Lactobacillus","cluster_96","ASV_584"
"ASV_585","Bacteria","Firmicutes","Clostridia","Clostridiales","Peptostreptococcaceae","Paeniclostridium","ASV_585","ASV_585"
"ASV_589","Bacteria","Proteobacteria","Gammaproteobacteria","Betaproteobacteriales","Burkholderiaceae","Massilia","ASV_589","ASV_589"
"ASV_593","Bacteria","Actinobacteria","Actinobacteria","Corynebacteriales","Nocardiaceae","Rhodococcus","ASV_593","ASV_593"
"ASV_595","Bacteria","Proteobacteria","Alphaproteobacteria","Sphingomonadales","Sphingomonadaceae","Sphingomonas","ASV_595","ASV_595"
"ASV_597","Bacteria","Bacteroidetes","Bacteroidia","Flavobacteriales","Weeksellaceae","Chryseobacterium","ASV_597","ASV_597"
"ASV_599","Bacteria","Proteobacteria","Gammaproteobacteria","Pseudomonadales","Pseudomonadaceae","Pseudomonas","ASV_599","ASV_599"
"ASV_6","Bacteria","Firmicutes","Bacilli","Lactobacillales","Lactobacillaceae","Lactobacillus","plantarum","ASV_6"
"ASV_600","Bacteria","Proteobacteria","Alphaproteobacteria","Acetobacterales","Acetobacteraceae","Acetobacter","malorum","ASV_600"
"ASV_602","Bacteria","Proteobacteria","Gammaproteobacteria","Pseudomonadales","Pseudomonadaceae","Pseudomonas","ASV_602","ASV_602"
"ASV_604","Bacteria","Firmicutes","Bacilli","Bacillales","Bacillaceae","Bacillus","ASV_604","ASV_604"
"ASV_605","Bacteria","Bacteroidetes","Bacteroidia","Cytophagales","Hymenobacteraceae","Hymenobacter","ASV_605","ASV_605"
"ASV_607","Bacteria","Bacteroidetes","Bacteroidia","Cytophagales","Spirosomaceae","Spirosoma","ASV_607","ASV_607"
"ASV_61","Bacteria","Firmicutes","Bacilli","Lactobacillales","Lactobacillaceae","Lactobacillus","cluster_146","ASV_61"
"ASV_610","Bacteria","Proteobacteria","Gammaproteobacteria","Pseudomonadales","Pseudomonadaceae","Pseudomonas","ASV_610","ASV_610"
"ASV_611","Bacteria","Proteobacteria","Gammaproteobacteria","Betaproteobacteriales","Burkholderiaceae","Massilia","ASV_611","ASV_611"
"ASV_614","Bacteria","Firmicutes","Bacilli","Lactobacillales","Leuconostocaceae","Weissella","cluster_131","ASV_614"
"ASV_616","Bacteria","Firmicutes","Bacilli","Bacillales","Paenibacillaceae","Paenibacillus","ASV_616","ASV_616"
"ASV_617","Bacteria","Proteobacteria","Gammaproteobacteria","Pseudomonadales","Pseudomonadaceae","Pseudomonas","ASV_617","ASV_617"
"ASV_619","Bacteria","Proteobacteria","Gammaproteobacteria","Xanthomonadales","Xanthomonadaceae","Xanthomonas","ASV_619","ASV_619"
"ASV_62","Bacteria","Proteobacteria","Gammaproteobacteria","Pseudomonadales","Pseudomonadaceae","Pseudomonas","ASV_62","ASV_62"
"ASV_620","Bacteria","Proteobacteria","Gammaproteobacteria","Pseudomonadales","Pseudomonadaceae","Pseudomonas","ASV_620","ASV_620"
"ASV_621","Bacteria","Proteobacteria","Gammaproteobacteria","Betaproteobacteriales","Burkholderiaceae","Massilia","ASV_621","ASV_621"
"ASV_624","Bacteria","Actinobacteria","Actinobacteria","Micrococcales","Microbacteriaceae","Curtobacterium","ASV_624","ASV_624"
"ASV_625","Bacteria","Proteobacteria","Gammaproteobacteria","Pseudomonadales","Moraxellaceae","Acinetobacter","ASV_625","ASV_625"
"ASV_626","Bacteria","Proteobacteria","Gammaproteobacteria","Pseudomonadales","Moraxellaceae","Acinetobacter","ASV_626","ASV_626"
"ASV_627","Bacteria","Firmicutes","Bacilli","Lactobacillales","Lactobacillaceae","Pediococcus","cluster_248","ASV_627"
"ASV_629","Bacteria","Proteobacteria","Alphaproteobacteria","Acetobacterales","Acetobacteraceae","Acetobacter","malorum","ASV_629"
"ASV_63","Bacteria","Proteobacteria","Gammaproteobacteria","Enterobacteriales","Enterobacteriaceae",NA,"ASV_63","ASV_63"
"ASV_630","Bacteria","Proteobacteria","Gammaproteobacteria","Pseudomonadales","Pseudomonadaceae","Pseudomonas","ASV_630","ASV_630"
"ASV_631","Bacteria","Proteobacteria","Alphaproteobacteria","Acetobacterales","Acetobacteraceae","Ameyamaea","cluster_65","ASV_631"
"ASV_633","Bacteria","Bacteroidetes","Bacteroidia","Sphingobacteriales","Sphingobacteriaceae","Pedobacter","ASV_633","ASV_633"
"ASV_635","Bacteria","Bacteroidetes","Bacteroidia","Flavobacteriales","Weeksellaceae","Chryseobacterium","ASV_635","ASV_635"
"ASV_636","Bacteria","Proteobacteria","Alphaproteobacteria","Rhizobiales","Beijerinckiaceae","Methylobacterium","ASV_636","ASV_636"
"ASV_637","Bacteria","Proteobacteria","Gammaproteobacteria","Xanthomonadales","Rhodanobacteraceae","Luteibacter","ASV_637","ASV_637"
"ASV_639","Bacteria","Bacteroidetes","Bacteroidia","Cytophagales","Hymenobacteraceae","Hymenobacter","ASV_639","ASV_639"
"ASV_64","Bacteria","Proteobacteria","Gammaproteobacteria","Pseudomonadales","Pseudomonadaceae","Pseudomonas","ASV_64","ASV_64"
"ASV_643","Bacteria","Firmicutes","Bacilli","Bacillales","Paenibacillaceae","Paenibacillus","ASV_643","ASV_643"
"ASV_645","Bacteria","Proteobacteria","Alphaproteobacteria","Sphingomonadales","Sphingomonadaceae","Sphingomonas","ASV_645","ASV_645"
"ASV_646","Bacteria","Proteobacteria","Alphaproteobacteria","Sphingomonadales","Sphingomonadaceae","Sphingomonas","ASV_646","ASV_646"
"ASV_647","Bacteria","Tenericutes","Mollicutes","Mollicutes_Incertae_Sedis","Unknown_Family","Candidatus_Phytoplasma","ASV_647","ASV_647"
"ASV_648","Bacteria","Actinobacteria","Actinobacteria","Micrococcales","Dermabacteraceae","Helcobacillus","ASV_648","ASV_648"
"ASV_650","Bacteria","Proteobacteria",NA,NA,NA,NA,"ASV_650","ASV_650"
"ASV_651","Bacteria","Proteobacteria","Gammaproteobacteria","Pseudomonadales","Moraxellaceae","Acinetobacter","ASV_651","ASV_651"
"ASV_652","Bacteria","Actinobacteria","Actinobacteria","Micrococcales","Micrococcaceae","Nesterenkonia","ASV_652","ASV_652"
"ASV_654","Bacteria","Bacteroidetes","Bacteroidia","Flavobacteriales","Weeksellaceae","Chryseobacterium","ASV_654","ASV_654"
"ASV_656","Bacteria","Actinobacteria","Actinobacteria","Micrococcales","Microbacteriaceae","Curtobacterium","ASV_656","ASV_656"
"ASV_659","Bacteria","Firmicutes","Bacilli","Bacillales","Paenibacillaceae","Paenibacillus","ASV_659","ASV_659"
"ASV_66","Bacteria","Firmicutes","Bacilli","Lactobacillales","Streptococcaceae","Lactococcus","lactis","ASV_66"
"ASV_660","Bacteria","Bacteroidetes","Bacteroidia","Flavobacteriales","Weeksellaceae","Chryseobacterium","ASV_660","ASV_660"
"ASV_662","Bacteria","Bacteroidetes","Bacteroidia","Flavobacteriales","Weeksellaceae","Chryseobacterium","ASV_662","ASV_662"
"ASV_663","Bacteria","Firmicutes","Bacilli","Lactobacillales","Streptococcaceae","Lactococcus","lactis","ASV_663"
"ASV_664","Bacteria","Firmicutes","Bacilli","Bacillales","Planococcaceae","Kurthia","ASV_664","ASV_664"
"ASV_665","Bacteria","Actinobacteria","Actinobacteria","Pseudonocardiales","Pseudonocardiaceae","Saccharopolyspora","ASV_665","ASV_665"
"ASV_668","Bacteria","Proteobacteria","Gammaproteobacteria","Pseudomonadales","Pseudomonadaceae","Pseudomonas","ASV_668","ASV_668"
"ASV_669","Bacteria","Firmicutes","Bacilli","Bacillales","Paenibacillaceae","Paenibacillus","ASV_669","ASV_669"
"ASV_67","Bacteria","Proteobacteria","Alphaproteobacteria","Acetobacterales","Acetobacteraceae","Gluconobacter","sphaericus","ASV_67"
"ASV_670","Bacteria","Firmicutes","Clostridia","Clostridiales","Clostridiaceae_1","Clostridium_sensu_stricto_1","ASV_670","ASV_670"
"ASV_671","Bacteria","Firmicutes","Bacilli","Bacillales","Paenibacillaceae","Paenibacillus","ASV_671","ASV_671"
"ASV_672","Bacteria","Proteobacteria","Gammaproteobacteria","Pseudomonadales","Pseudomonadaceae","Pseudomonas","ASV_672","ASV_672"
"ASV_673","Bacteria","Actinobacteria","Actinobacteria","Micrococcales","Microbacteriaceae","Curtobacterium","ASV_673","ASV_673"
"ASV_674","Bacteria","Proteobacteria","Gammaproteobacteria","Xanthomonadales","Rhodanobacteraceae",NA,"ASV_674","ASV_674"
"ASV_675","Bacteria","Actinobacteria","Actinobacteria","Micrococcales","Intrasporangiaceae",NA,"ASV_675","ASV_675"
"ASV_680","Bacteria","Proteobacteria","Alphaproteobacteria","Sphingomonadales","Sphingomonadaceae","Sphingomonas","ASV_680","ASV_680"
"ASV_685","Bacteria","Bacteroidetes","Bacteroidia","Cytophagales","Hymenobacteraceae","Hymenobacter","ASV_685","ASV_685"
"ASV_687","Bacteria","Actinobacteria","Actinobacteria","Kineosporiales","Kineosporiaceae","Kineococcus","ASV_687","ASV_687"
"ASV_688","Bacteria","Proteobacteria","Gammaproteobacteria","Pseudomonadales","Moraxellaceae","Acinetobacter","ASV_688","ASV_688"
"ASV_690","Bacteria","Proteobacteria","Alphaproteobacteria","Rhizobiales","Beijerinckiaceae","Methylobacterium","ASV_690","ASV_690"
"ASV_696","Bacteria","Bacteroidetes","Bacteroidia","Flavobacteriales","Weeksellaceae","Chryseobacterium","ASV_696","ASV_696"
"ASV_698","Bacteria","Firmicutes","Bacilli","Bacillales","Family_XII","Exiguobacterium","ASV_698","ASV_698"
"ASV_699","Bacteria","Actinobacteria","Actinobacteria","Micrococcales","Micrococcaceae","Glutamicibacter","ASV_699","ASV_699"
"ASV_7","Bacteria","Firmicutes","Bacilli","Lactobacillales","Lactobacillaceae","Pediococcus","parvulus","ASV_7"
"ASV_70","Bacteria","Firmicutes","Bacilli","Lactobacillales","Lactobacillaceae","Lactobacillus","paralimentarius","ASV_70"
"ASV_700","Bacteria","Actinobacteria","Actinobacteria","Micrococcales","Micrococcaceae","Glutamicibacter","ASV_700","ASV_700"
"ASV_702","Bacteria","Actinobacteria","Actinobacteria","Micrococcales","Microbacteriaceae","Curtobacterium","ASV_702","ASV_702"
"ASV_704","Bacteria","Actinobacteria","Actinobacteria","Micrococcales","Dermabacteraceae","Brachybacterium","ASV_704","ASV_704"
"ASV_705","Bacteria","Bacteroidetes","Bacteroidia","Sphingobacteriales","Sphingobacteriaceae","Pedobacter","ASV_705","ASV_705"
"ASV_706","Bacteria","Proteobacteria","Deltaproteobacteria","Myxococcales","P3OB-42",NA,"ASV_706","ASV_706"
"ASV_707","Bacteria","Proteobacteria","Gammaproteobacteria","Betaproteobacteriales","Burkholderiaceae","Massilia","ASV_707","ASV_707"
"ASV_708","Bacteria","Proteobacteria","Gammaproteobacteria","Xanthomonadales","Xanthomonadaceae","Xanthomonas","ASV_708","ASV_708"
"ASV_709","Bacteria","Firmicutes","Bacilli","Bacillales","Paenibacillaceae","Saccharibacillus","ASV_709","ASV_709"
"ASV_710","Bacteria","Proteobacteria","Deltaproteobacteria","Myxococcales","Sandaracinaceae",NA,"ASV_710","ASV_710"
"ASV_715","Bacteria","Actinobacteria","Actinobacteria","Micrococcales","Micrococcaceae","Kocuria","ASV_715","ASV_715"
"ASV_716","Bacteria","Firmicutes","Bacilli","Bacillales","Family_XII","Exiguobacterium","ASV_716","ASV_716"
"ASV_717","Bacteria","Bacteroidetes","Bacteroidia","Sphingobacteriales","Sphingobacteriaceae","Pedobacter","ASV_717","ASV_717"
"ASV_718","Bacteria","Firmicutes","Bacilli","Lactobacillales",NA,"Lactobacillales","cluster_133","ASV_718"
"ASV_719","Bacteria","Actinobacteria","Actinobacteria","Micrococcales","Microbacteriaceae","Curtobacterium","ASV_719","ASV_719"
"ASV_72","Bacteria","Firmicutes","Bacilli","Lactobacillales","Lactobacillaceae","Pediococcus","ethanolidurans","ASV_72"
"ASV_723","Bacteria","Proteobacteria","Alphaproteobacteria","Rhodobacterales","Rhodobacteraceae","Paracoccus","ASV_723","ASV_723"
"ASV_724","Bacteria","Proteobacteria","Gammaproteobacteria","Xanthomonadales","Xanthomonadaceae","Xanthomonas","ASV_724","ASV_724"
"ASV_726","Bacteria","Firmicutes","Bacilli","Lactobacillales",NA,"Lactobacillales","cluster_116","ASV_726"
"ASV_728","Bacteria","Proteobacteria","Gammaproteobacteria","Pseudomonadales","Moraxellaceae","Acinetobacter","ASV_728","ASV_728"
"ASV_729","Bacteria","Firmicutes","Bacilli","Lactobacillales","Lactobacillaceae","Lactobacillus","cluster_202","ASV_729"
"ASV_73","Bacteria","Firmicutes","Bacilli","Lactobacillales","Lactobacillaceae","Lactobacillus","sanfranciscensis","ASV_73"
"ASV_730","Bacteria","Spirochaetes","Spirochaetia","Spirochaetales","Spirochaetaceae","Treponema_2","ASV_730","ASV_730"
"ASV_733","Bacteria","Bacteroidetes","Bacteroidia","Flavobacteriales","Flavobacteriaceae","Flavobacterium","ASV_733","ASV_733"
"ASV_734","Bacteria","Firmicutes","Bacilli","Lactobacillales","Leuconostocaceae","Weissella","cluster_297","ASV_734"
"ASV_737","Bacteria","Bacteroidetes","Bacteroidia","Sphingobacteriales","Sphingobacteriaceae","Pedobacter","ASV_737","ASV_737"
"ASV_738","Bacteria","Proteobacteria","Alphaproteobacteria","Rhizobiales","Beijerinckiaceae","1174-901-12","ASV_738","ASV_738"
"ASV_742","Bacteria","Proteobacteria","Gammaproteobacteria","Betaproteobacteriales","Burkholderiaceae","Massilia","ASV_742","ASV_742"
"ASV_743","Bacteria","Bacteroidetes","Bacteroidia","Sphingobacteriales","Sphingobacteriaceae","Pedobacter","ASV_743","ASV_743"
"ASV_744","Bacteria","Proteobacteria","Gammaproteobacteria","Xanthomonadales","Xanthomonadaceae","Stenotrophomonas","ASV_744","ASV_744"
"ASV_746","Bacteria","Firmicutes","Bacilli","Bacillales","Paenibacillaceae","Paenibacillus","ASV_746","ASV_746"
"ASV_747","Bacteria","Proteobacteria","Alphaproteobacteria","Sphingomonadales","Sphingomonadaceae","Sphingomonas","ASV_747","ASV_747"
"ASV_748","Bacteria","Firmicutes","Bacilli","Bacillales","Family_XII","Exiguobacterium","ASV_748","ASV_748"
"ASV_75","Bacteria","Proteobacteria","Gammaproteobacteria","Pseudomonadales","Pseudomonadaceae","Pseudomonas","ASV_75","ASV_75"
"ASV_750","Bacteria","Bacteroidetes","Bacteroidia","Cytophagales","Hymenobacteraceae","Hymenobacter","ASV_750","ASV_750"
"ASV_751","Bacteria","Firmicutes","Bacilli","Bacillales","Paenibacillaceae","Paenibacillus","ASV_751","ASV_751"
"ASV_76","Bacteria","Firmicutes","Bacilli","Lactobacillales","Lactobacillaceae","Lactobacillus","xianfangensis","ASV_76"
"ASV_764","Bacteria","Proteobacteria","Gammaproteobacteria","Betaproteobacteriales","Burkholderiaceae","Massilia","ASV_764","ASV_764"
"ASV_767","Bacteria","Firmicutes","Bacilli","Bacillales","Paenibacillaceae","Paenibacillus","ASV_767","ASV_767"
"ASV_768","Bacteria","Bacteroidetes","Bacteroidia","Flavobacteriales","Weeksellaceae","Chishuiella","ASV_768","ASV_768"
"ASV_77","Bacteria","Firmicutes","Bacilli","Lactobacillales","Lactobacillaceae","Lactobacillus","cluster_169","ASV_77"
"ASV_770","Bacteria","Proteobacteria","Gammaproteobacteria","Pseudomonadales","Moraxellaceae","Acinetobacter","ASV_770","ASV_770"
"ASV_772","Bacteria","Firmicutes","Bacilli","Lactobacillales",NA,"Lactobacillus","cluster_209","ASV_772"
"ASV_773","Bacteria","Proteobacteria","Gammaproteobacteria","Betaproteobacteriales","Methylophilaceae","Methylotenera","ASV_773","ASV_773"
"ASV_774","Bacteria","Bacteroidetes","Bacteroidia","Cytophagales","Hymenobacteraceae","Hymenobacter","ASV_774","ASV_774"
"ASV_780","Bacteria","Firmicutes","Bacilli","Bacillales",NA,NA,"ASV_780","ASV_780"
"ASV_783","Bacteria","Proteobacteria","Gammaproteobacteria","Betaproteobacteriales","Neisseriaceae","Vitreoscilla","ASV_783","ASV_783"
"ASV_787","Bacteria","Proteobacteria","Gammaproteobacteria","Enterobacteriales","Enterobacteriaceae",NA,"ASV_787","ASV_787"
"ASV_788","Bacteria","Bacteroidetes","Bacteroidia","Sphingobacteriales","Sphingobacteriaceae","Sphingobacterium","ASV_788","ASV_788"
"ASV_789","Bacteria","Bacteroidetes","Bacteroidia","Cytophagales","Hymenobacteraceae","Hymenobacter","ASV_789","ASV_789"
"ASV_79","Bacteria","Firmicutes","Bacilli","Lactobacillales","Lactobacillaceae","Lactobacillus","cluster_313","ASV_79"
"ASV_791","Bacteria","Firmicutes","Bacilli","Bacillales","Paenibacillaceae","Saccharibacillus","ASV_791","ASV_791"
"ASV_792","Bacteria","Bacteroidetes","Bacteroidia","Flavobacteriales","Flavobacteriaceae","Flavobacterium","ASV_792","ASV_792"
"ASV_793","Bacteria","Proteobacteria","Gammaproteobacteria",NA,NA,NA,"ASV_793","ASV_793"
"ASV_795","Bacteria","Firmicutes","Bacilli","Bacillales","Paenibacillaceae","Saccharibacillus","ASV_795","ASV_795"
"ASV_8","Bacteria","Firmicutes","Bacilli","Lactobacillales","Lactobacillaceae","Lactobacillus","sakei","ASV_8"
"ASV_800","Bacteria","Bacteroidetes","Bacteroidia","Flavobacteriales","Weeksellaceae","Chryseobacterium","ASV_800","ASV_800"
"ASV_802","Bacteria","Firmicutes","Bacilli","Lactobacillales","Streptococcaceae","Lactococcus","garvieae","ASV_802"
"ASV_803","Bacteria","Bacteroidetes","Bacteroidia","Cytophagales","Spirosomaceae","Dyadobacter","ASV_803","ASV_803"
"ASV_804","Bacteria","Proteobacteria","Alphaproteobacteria","Sphingomonadales","Sphingomonadaceae","Sphingomonas","ASV_804","ASV_804"
"ASV_806","Bacteria","Proteobacteria","Alphaproteobacteria","Rhodobacterales","Rhodobacteraceae","Gemmobacter","ASV_806","ASV_806"
"ASV_807","Bacteria","Bacteroidetes","Bacteroidia","Flavobacteriales","Weeksellaceae","Chryseobacterium","ASV_807","ASV_807"
"ASV_809","Bacteria","Verrucomicrobia","Verrucomicrobiae","Chthoniobacterales","Chthoniobacteraceae","Chthoniobacter","ASV_809","ASV_809"
"ASV_81","Bacteria","Firmicutes","Bacilli","Lactobacillales","Lactobacillaceae","Pediococcus","ethanolidurans","ASV_81"
"ASV_810","Bacteria","Bacteroidetes","Bacteroidia","Sphingobacteriales","Sphingobacteriaceae",NA,"ASV_810","ASV_810"
"ASV_813","Bacteria","Bacteroidetes","Bacteroidia","Cytophagales","Spirosomaceae","Dyadobacter","ASV_813","ASV_813"
"ASV_815","Bacteria","Bacteroidetes","Bacteroidia","Bacteroidales","Dysgonomonadaceae","Dysgonomonas","ASV_815","ASV_815"
"ASV_817","Bacteria","Bacteroidetes","Bacteroidia","Flavobacteriales","Flavobacteriaceae","Flavobacterium","ASV_817","ASV_817"
"ASV_818","Bacteria","Proteobacteria","Alphaproteobacteria","Sphingomonadales","Sphingomonadaceae","Sphingomonas","ASV_818","ASV_818"
"ASV_82","Bacteria","Proteobacteria","Gammaproteobacteria","Enterobacteriales","Enterobacteriaceae","Klebsiella","ASV_82","ASV_82"
"ASV_822","Bacteria","Proteobacteria","Gammaproteobacteria","Xanthomonadales","Xanthomonadaceae","Stenotrophomonas","ASV_822","ASV_822"
"ASV_824","Bacteria","Proteobacteria","Gammaproteobacteria","Betaproteobacteriales","Burkholderiaceae",NA,"ASV_824","ASV_824"
"ASV_828","Bacteria","Firmicutes","Bacilli","Lactobacillales","Lactobacillaceae","Pediococcus","cluster_329","ASV_828"
"ASV_829","Bacteria","Proteobacteria","Gammaproteobacteria","Pseudomonadales","Moraxellaceae","Acinetobacter","ASV_829","ASV_829"
"ASV_83","Bacteria","Firmicutes","Bacilli","Lactobacillales","Lactobacillaceae","Lactobacillus","sanfranciscensis","ASV_83"
"ASV_834","Bacteria","Firmicutes","Clostridia","Clostridiales","Ruminococcaceae","Ruminococcaceae_UCG-010","ASV_834","ASV_834"
"ASV_838","Bacteria","Epsilonbacteraeota","Campylobacteria","Campylobacterales","Arcobacteraceae","Arcobacter","ASV_838","ASV_838"
"ASV_839","Bacteria","Firmicutes","Bacilli","Lactobacillales","Leuconostocaceae","Leuconostoc","cluster_105","ASV_839"
"ASV_843","Bacteria","Bacteroidetes","Bacteroidia","Sphingobacteriales","Sphingobacteriaceae",NA,"ASV_843","ASV_843"
"ASV_844","Bacteria","Bacteroidetes","Bacteroidia","Sphingobacteriales","Sphingobacteriaceae","Sphingobacterium","ASV_844","ASV_844"
"ASV_845","Bacteria","Bacteroidetes","Bacteroidia","Sphingobacteriales","Sphingobacteriaceae","Pedobacter","ASV_845","ASV_845"
"ASV_90","Bacteria","Proteobacteria","Alphaproteobacteria","Acetobacterales","Acetobacteraceae","Gluconobacter","thailandicus","ASV_90"
"ASV_91","Bacteria","Firmicutes","Bacilli","Lactobacillales","Lactobacillaceae","Lactobacillus","malefermentans","ASV_91"
"ASV_92","Bacteria","Firmicutes","Bacilli","Lactobacillales","Lactobacillaceae","Lactobacillus","fermentum","ASV_92"
"ASV_93","Bacteria","Firmicutes","Bacilli","Lactobacillales","Lactobacillaceae","Lactobacillus","sanfranciscensis","ASV_93"
"ASV_94","Bacteria","Firmicutes","Bacilli","Lactobacillales","Lactobacillaceae","Lactobacillus","sanfranciscensis","ASV_94"
"ASV_95","Bacteria","Firmicutes","Bacilli","Lactobacillales","Lactobacillaceae","Lactobacillus","sanfranciscensis","ASV_95"
"ASV_97","Bacteria","Proteobacteria","Deltaproteobacteria","Oligoflexales","0319-6G20",NA,"ASV_97","ASV_97"
"ASV_98","Bacteria","Firmicutes","Bacilli","Lactobacillales","Lactobacillaceae","Lactobacillus","sanfranciscensis","ASV_98"
